,Column1,Column2
0,1.324817729403442,1.409959167886366
1,1.1923627965120354,1.4078059381365038
2,1.1096557844752448,1.4056480619126606
3,1.183737461707302,1.403485685304079
4,1.3848847441977958,1.4013189546233444
5,1.528649962081305,1.3991480163767698
6,1.517333388317562,1.3969730172348709
7,1.679145300241309,1.3947941040029355
8,1.8868215824119625,1.3926114235916858
9,2.093884496835721,1.3904251229880313
10,2.3125964651638515,1.3882353492259187
11,2.092324891459387,1.3860422493572735
12,2.012532198688721,1.3838459704230424
13,1.6366171466279198,1.381646659424342
14,0.9986133881444422,1.3794444632937204
15,1.0417059456603766,1.3772395288665429
16,1.025468409330762,1.375032002852518
17,1.072326693456396,1.372822031807374
18,1.0117278828769183,1.3706097621047035
19,0.9459416818166293,1.3683953399079818
20,0.9220010910369193,1.3661789111427756
21,1.005233732744167,1.3639606214691506
22,1.1875648302165853,1.3617406162542849
23,1.3280884358372917,1.3595190405452953
24,1.4213940293113934,1.3572960390422866
25,1.5099006221376685,1.3550717560716243
26,1.5990079795188676,1.352846335559436
27,1.6609051659211618,1.3506199210053438
28,1.6389744128563786,1.3483926554564347
29,1.6058795685053204,1.346164681481469
30,1.380175438998532,1.3439361411453357
31,1.2344599431243735,1.3417071759837609
32,1.241249087967751,1.3394779269782753
33,1.1900568911993412,1.3372485345314493
34,1.1328365880162847,1.335019138442401
35,1.0258490996414396,1.3327898778825893
36,0.9401500066289099,1.3305608913718954
37,0.9068608111321639,1.3283323167550034
38,0.8976506281990019,1.3261042911780827
39,0.9411463066188644,1.3238769510657789
40,1.0266045131214103,1.3216504320985163
41,1.2024818120241993,1.3194248691901156
42,1.419018374164369,1.3172003964657246
43,1.5802886080567438,1.314977147240065
44,1.686287352451441,1.3127552539959917
45,1.780178671071926,1.310534848363363
46,1.9008977444936164,1.3083160610982223
47,2.005315588737291,1.3060990220622875
48,1.7176858792572796,1.3038838602027514
49,1.7315991117251448,1.3016707035323956
50,1.7370180915705165,1.2994596791100224
51,1.6011802207643704,1.297250913021211
52,0.8978593798353802,1.2950445303594058
53,0.8365243950472895,1.2928406552073441
54,0.8937462357245594,1.2906394106188401
55,0.8738971615816588,1.2884409186009314
56,0.7907995679832461,1.2862453000964018
57,0.7293637012520974,1.2840526749666892
58,0.7192485625377243,1.2818631619751857
59,0.908878652443201,1.2796768787709372
60,1.098852951778866,1.2774939418727478
61,1.1931119261775824,1.2753144666536902
62,1.2533186102226663,1.273138567326025
63,1.305291302756307,1.270966356926527
64,1.3566831885560868,1.2687979473022193
65,1.4007410686067303,1.2666334490965117
66,1.4373959830514829,1.2644729717357444
67,1.5046408157715556,1.2623166234161356
68,1.5402513298149731,1.2601645110911284
69,1.2332669238850338,1.258016740459141
70,1.1644116375422422,1.2558734159517158
71,1.1949000734555464,1.2537346407220706
72,1.2022443586206955,1.2516005166340547
73,1.1766774813728966,1.2494711442515067
74,1.0550234452397595,1.2473466228280197
75,0.9399716130645204,1.2452270502971123
76,0.8860251271549682,1.243112523262808
77,0.8299032369461896,1.2410031369906211
78,0.8018849791064542,1.238898985398952
79,0.8465881336063689,1.236800161050886
80,0.9764839406048008,1.234706755146397
81,1.1429746120162114,1.232618857514951
82,1.3093786804596763,1.2305365566085045
83,1.4363734061896616,1.228459939494888
84,1.5304884608424638,1.226389091851572
85,1.5983365849082343,1.2243240979598038
86,1.6733442520878707,1.2222650406991094
87,1.7725812972746982,1.220212001542152
88,1.859751161713406,1.218165060549944
89,1.5968365850396102,1.2161242963674044
90,1.6048711587006625,1.2140897862192626
91,1.6027879205110032,1.2120616059063036
92,1.4646145524332403,1.2100398298019592
93,0.8524405451494229,1.2080245308492457
94,0.8321829048867407,1.2060157805580518
95,0.8063452578877025,1.2040136490027833
96,0.7290897877291502,1.2020182048203696
97,0.7710542465310709,1.2000295152086347
98,0.711809581518008,1.1980476459250375
99,0.6646267845377307,1.1960726612857844
100,0.7944291409335715,1.194104624165313
101,0.9521059803406839,1.19214359599615
102,1.0544261511656385,1.1901896367691354
103,1.1297608251777553,1.1882428050340126
104,1.1925696553182068,1.1863031579003744
105,1.2462535058901203,1.1843707510389627
106,1.2937322353056468,1.1824456386833129
107,1.3359831980673265,1.1805278736317346
108,1.384761933901246,1.178617507249622
109,1.460686076583417,1.1767145894720854
110,1.418733986433023,1.1748191688068974
111,1.1180864630810041,1.17293129233775
112,1.0788352155575622,1.1710510057278123
113,1.1095796134803517,1.1691783532235873
114,1.0801903406183861,1.1673133776590612
115,1.056428624800214,1.1654561204601421
116,0.952866137392378,1.1636066216493843
117,0.8856419764174605,1.1617649198509927
118,0.8732784454556267,1.1599310522961017
119,0.8363638881032358,1.1581050548283227
120,0.7909014705239463,1.1562869619095537
121,0.8047045279297123,1.1544768066260471
122,0.9080398593267485,1.1526746206947232
123,1.064083429852552,1.1508804344697219
124,1.2509611215330163,1.1490942769491825
125,1.3968262732033156,1.1473161757822374
126,1.5054442681007123,1.1455461572762107
127,1.5848990270620213,1.1437842464040058
128,1.6761746375894988,1.1420304668116714
129,1.7975381824484398,1.1402848408261346
130,1.8592651511726177,1.1385473894630906
131,1.557249032262511,1.1368181324350393
132,1.5664841704336838,1.1350970881594613
133,1.5654999502293727,1.1333842737671338
134,1.4306627727367394,1.131679705110576
135,0.8097516435574763,1.12998339677263
136,0.7845711938306081,1.1282953620751768
137,0.7331982234532253,1.126615613087988
138,0.7709888307910988,1.1249441606377164
139,0.702013150211653,1.1232810143170264
140,0.6303682714135737,1.1216261824938683
141,0.646700769746712,1.1199796723208943
142,0.8286668202348578,1.1183414897450181
143,0.912128399939725,1.116711639517109
144,0.989080752203223,1.115090125201822
145,1.0707559710232895,1.1134769491875534
146,1.1486499444905025,1.1118721126965188
147,1.2100976334579103,1.1102756157949427
148,1.2418244612644338,1.1086874574033525
149,1.2918955068024687,1.1071076353069664
150,1.362716716874739,1.1055361461661706
151,1.3660798437866515,1.103972985527073
152,1.3370412610988336,1.102418147832129
153,1.30323071248845,1.1008716264308316
154,1.090640243496548,1.0993334135904573
155,1.0454331937022159,1.0978035005068676
156,1.0184203351505208,1.0962818773153558
157,0.9860159939727124,1.0947685331015389
158,0.8763550951582789,1.0932634559122887
159,0.8197594113689579,1.0917666327666982
160,0.7736938422627662,1.090278049667081
161,0.7344932609808527,1.088797691609994
162,0.7288984868289947,1.0873255425972834
163,0.7862832154446008,1.0858615856471439
164,0.8889513319024757,1.0844058028051848
165,1.0786204173595553,1.0829581751554949
166,1.268628393512198,1.0815186828316936
167,1.4088354634451732,1.0800873050279591
168,1.5052446011922058,1.078664020010023
169,1.5913283176168664,1.0772488051261184
170,1.695310768362207,1.075841636817872
171,1.7549113055374623,1.0744424906311283
172,1.579064897565619,1.0730513412267002
173,1.4625606194750378,1.071668162391038
174,1.492595904012199,1.070292927046815
175,1.4867917060865508,1.0689256072634215
176,1.3597278661005965,1.0675661742673752
177,0.7866057050262923,1.066214598452643
178,0.774035428575026,1.0648708493908796
179,0.7349536306637812,1.063534895841587
180,0.6546899968910693,1.062206705762198
181,0.6897670732631381,1.06088624631809
182,0.7001415376399837,1.0595734838925288
183,0.6515365228800143,1.058268384096551
184,0.7167387198978856,1.0569709117787789
185,0.8370180026894549,1.055681031035171
186,0.9774215110800513,1.054398705218705
187,1.0762072582957736,1.0531238969489913
188,1.145017833819595,1.0518565681218133
189,1.1997983638743457,1.0505966799185866
190,1.2509107090913392,1.0493441928157348
191,1.3168448000453679,1.0480990665939736
192,1.3519186632911104,1.0468612603475032
193,1.2890402330590753,1.0456307324930976
194,1.2836314586156623,1.0444074407790922
195,1.2827550285145284,1.043191342294265
196,1.0553463575322017,1.0419823934766086
197,1.0075921143087876,1.0407805501219929
198,0.9432293325656709,1.0395857673927194
199,0.9035913728109113,1.0383979998259654
200,0.8375934833114771,1.0372172013421193
201,0.7724415210459719,1.0360433252530086
202,0.7587278525137952,1.03487632427002
203,0.7255462770374919,1.0337161505121104
204,0.7091723949764615,1.0325627555137082
205,0.7613484422365288,1.0314160902325042
206,0.8607517708975785,1.0302761050571272
207,1.071817300301259,1.0291427498147012
208,1.267990863085467,1.0280159737782804
209,1.4075975406577277,1.0268957256741535
210,1.507779195892295,1.0257819536890147
211,1.6157714630900029,1.0246746054769922
212,1.7405327226310454,1.023573628166531
213,1.7262473175148707,1.0224789683671243
214,1.452755083844609,1.0213905721758927
215,1.456309488063599,1.0203083851840105
216,1.4853667770235064,1.019232352482981
217,1.3929697249945958,1.018162418670766
218,1.000517373870137,1.017098527857776
219,0.7335635013879129,1.016040623672727
220,0.7144188204728856,1.0149886492683766
221,0.6417745430697444,1.0139425473271448
222,0.6609051349376561,1.0129022600666349
223,0.656903352291192,1.0118677292450604
224,0.5703309013611059,1.0108388961665897
225,0.5935818949943434,1.009815701686614
226,0.7040003072332656,1.0087980862169443
227,0.8467552154140527,1.0077859897309451
228,0.9630960676595682,1.0067793517686066
229,1.0401570177514587,1.0057781114415567
230,1.101400490720642,1.0047822074380162
231,1.1646536027693122,1.0037915780276947
232,1.2431292833504932,1.0028061610666295
233,1.2953430613850103,1.0018258940019662
234,1.2198380145570367,1.0008507138766845
235,1.1759536458524078,0.9998805573342674
236,1.1704592470528112,0.9989153606233181
237,1.2064491853249617,0.9979550596021263
238,0.9743435597399379,0.9969995897431866
239,0.8928370861034464,0.9960488861376752
240,0.8487096510932557,0.9951028834998883
241,0.8138799950009514,0.9941615161716497
242,0.7803565045721957,0.9932247181266903
243,0.7101491710388018,0.9922924229750065
244,0.7188912817651474,0.9913645639672023
245,0.7036046128823894,0.9904410739988179
246,0.658063178617873,0.9895218856146495
247,0.6356970871397312,0.9886069310130615
248,0.69636306805789,0.9876961420502918
249,0.8135369762819616,0.9867894502447525
250,1.009127515763085,0.9858867867813238
251,1.1863453355537408,0.9849880825156372
252,1.3182302302876563,0.9840932679783477
253,1.4144880518036456,0.9832022733793915
254,1.522257669856024,0.9823150286122241
255,1.6417344410304264,0.9814314632580388
256,1.6304391429311895,0.9805515065899618
257,1.3645764121543498,0.979675087577224
258,1.3559156021300804,0.9788021348893122
259,1.3788293040137174,0.9779325769001049
260,1.3063814369669158,0.9770663416919957
261,1.0671732384893409,0.9762033570600139
262,0.682359119605823,0.9753435505159544
263,0.6085938308945453,0.9744868492925217
264,0.6480862465247408,0.9736331803475027
265,0.5798935825119704,0.9727824703679793
266,0.4914000572803341,0.9719346457745915
267,0.533063048996005,0.9710896327258602
268,0.5988836598929939,0.9702473571225793
269,0.6374155415553749,0.9694077446122837
270,0.704841837435355,0.9685707205938004
271,0.823860777258136,0.9677362102218824
272,0.9203571977478364,0.9669041384119333
273,0.9875930726284039,0.9660744298448217
274,1.030934451950363,0.9652470089717846
275,1.053695620778318,0.9644218000194241
276,1.1072431634965796,0.9635987269947925
277,1.1806791256874667,0.9627777136905685
278,1.17671111866719,0.9619586836903243
279,1.0956780911487087,0.9611415603738832
280,1.0726179420988102,0.9603262669227685
281,1.1026715369381512,0.9595127263257476
282,1.1423836202916695,0.9587008613844707
283,1.0471709854650375,0.9578905947192083
284,0.9360636057793039,0.9570818487746907
285,0.8855016469527464,0.9562745458260531
286,0.8312306637877339,0.9554686079848906
287,0.6881258386432576,0.9546639572054284
288,0.6067727843564464,0.9538605152908105
289,0.5634184795848725,0.9530582038995119
290,0.5566028499428173,0.952256944551878
291,0.6054007116471374,0.9514566586367934
292,0.7156653823448218,0.9506572674184817
293,0.8455393733615152,0.9498586920434373
294,1.03742960950018,0.9490608535474884
295,1.1950263107304775,0.9482636728629874
296,1.3085152931049275,0.9474670708261292
297,1.3979450059268417,0.9466709681843903
298,1.5084298499091622,0.9458752856040887
299,1.6192550687711664,0.945079943678062
300,1.4293181734266687,0.9442848629334635
301,1.2965234504393817,0.9434899638396753
302,1.3214556678516145,0.9426951668163436
303,1.3360937453823198,0.9419003922415395
304,1.2432367820375196,0.9411055604600523
305,0.9506324759918222,0.9403105917918225
306,0.6275193837705906,0.9395154065405262
307,0.5749305210305816,0.9387199250023196
308,0.5766109491314976,0.937924067474757
309,0.48992613743108704,0.9371277542658909
310,0.4124803923070038,0.9363309057035686
311,0.46085627699482756,0.9355334421449308
312,0.5478800341505053,0.9347352839861247
313,0.6176679631478232,0.9339363516722349
314,0.7234956365634537,0.9331365657074377
315,0.8249751130142692,0.9323358466653839
316,0.8919575945278289,0.9315341151998099
317,0.9376920925361416,0.93073129205538
318,0.9624531348547624,0.9299272980787564
319,0.9828625691512203,0.9291220542299009
320,1.0341614560328773,0.9283154815936049
321,1.0509132631186628,0.9275075013912475
322,0.9957578896516722,0.9266980349927818
323,0.9486300329210847,0.9258870039289473
324,0.9257712263394261,0.9250743299037112
325,0.9627135472976744,0.9242599348069357
326,1.0160236425377858,0.9234437407272744
327,1.0344272088698647,0.9226256699652985
328,0.9836401036146709,0.9218056450468497
329,0.8620174152897015,0.9209835887366249
330,0.8084274341127895,0.9201594240519925
331,0.7204410215728005,0.9193330742770408
332,0.5534330082877698,0.9185044629768612
333,0.4708187513716191,0.9176735140120671
334,0.46018095685680366,0.91684015155355
335,0.4862956577009733,0.9160043000974718
336,0.5408703596376429,0.9151658844804925
337,0.6142396487715833,0.9143248298952315
338,0.7789100605310323,0.913481061905956
339,0.9777477165421038,0.9126345064644944
340,1.1298262611162493,0.9117850899263642
341,1.2305633383541927,0.910932739067109
342,1.3050228523714298,0.9100773810988355
343,1.393747633322881,0.9092189436869422
344,1.4871668307388575,0.9083573549670338
345,1.3514364417318916,0.9074925435620135
346,1.1873153857959604,0.9066244385993485
347,1.2000023235447113,0.9057529697285058
348,1.2154192350171893,0.9048780671385583
349,1.1806066832559332,0.9039996615759595
350,1.082353183134337,0.9031176843624873
351,0.6188271260889577,0.9022320674133617
352,0.5476637185668576,0.9013427432555376
353,0.48902565318643737,0.9004496450461794
354,0.5192611106943512,0.8995527065913204
355,0.49809696853051066,0.8986518623647105
356,0.4067885033246902,0.8977470475268565
357,0.4637953927748825,0.8968381979442546
358,0.6021531114783528,0.8959252502088169
359,0.6724159386423221,0.8950081416574898
360,0.73494853749896,0.8940868103920602
361,0.7910766409188098,0.8931611952991474
362,0.8420489975665718,0.8922312360703712
363,0.8867371983238653,0.8912968732226949
364,0.9190052914584204,0.8903580481189312
365,0.9662452419788238,0.8894147029884081
366,1.0363575347930574,0.8884667809477845
367,1.0673337842083628,0.887514226022006
368,0.9674356922961725,0.8865569831653967
369,0.9069123646389158,0.8855949982828788
370,0.8875047383835579,0.8846282182513131
371,0.9250420765779043,0.8836565909409513
372,0.967326294960376,0.8826800652369988
373,0.9761659807185872,0.8816985910612783
374,0.9347134061346524,0.8807121193939903
375,0.7709970108462016,0.8797206022955624
376,0.6968237012195112,0.8787239929285853
377,0.5878600518769036,0.8777222455798289
378,0.4692777017303338,0.876715315682332
379,0.4280339305123828,0.8757031598375605
380,0.43973921831935314,0.87468573583763
381,0.46948446498618535,0.873663002687582
382,0.5132647811553815,0.8726349206277073
383,0.5708446315848549,0.8716014511559055
384,0.6668753466106053,0.87056255705007
385,0.8672658842650851,0.8695182023904842
386,1.0472699636153586,0.8684683525822139
387,1.1751709618865436,0.8674129743774834
388,1.2643283530300369,0.8663520358980166
389,1.356118910162148,0.8652855066573278
390,1.4582700470252539,0.86421335758295
391,1.4272224671030787,0.8631355610385805
392,1.2619647198722443,0.8620520908461352
393,1.1678126849541768,0.8609629223076999
394,1.1860910769571054,0.8598680322273674
395,1.190320751961807,0.8587673989329558
396,1.0972691547995121,0.8576610022976001
397,0.7891402600394379,0.8565488237612124
398,0.5845294106779791,0.8554308463518081
399,0.5337790374128837,0.854307054706696
400,0.46358493299296843,0.8531774350935278
401,0.5354095960972093,0.8520419754312086
402,0.4925166038394642,0.8509006653106633
403,0.4298213335940569,0.8497534960154556
404,0.4573733525661308,0.8486004605422548
405,0.5762258840702116,0.8474415536211439
406,0.728888243224132,0.8462767717357617
407,0.8370031901895547,0.8451061131432691
408,0.9046685627097635,0.8439295778941306
409,0.9633932830994485,0.8427471678516982
410,1.022715764087448,0.8415588867115887
411,1.0354900360668975,0.8403647400208395
412,0.9738813684070217,0.8391647351968337
413,0.9319927929492197,0.837958881545983
414,0.9092305193509006,0.8367471902821569
415,0.8888870488389882,0.8355296745448495
416,0.8561344060187192,0.8343063494170718
417,0.8661005898980992,0.8330772319429626
418,0.9281598225858704,0.8318423411451071
419,0.9520227442205478,0.830601698041557
420,0.9623095905566222,0.829355325662542
421,0.7909808342792788,0.828103249066864
422,0.6969821004874429,0.8268454953579657
423,0.609992441555552,0.8255820936996697
424,0.488063462472573,0.8243130753315754
425,0.4241065843987252,0.8230384735841085
426,0.4112874267803879,0.8217583238932148
427,0.4262264984376111,0.8204726638146894
428,0.45882980896090025,0.8191815330381317
429,0.5092228331561205,0.8178849734005138
430,0.570768201233231,0.8165830288993507
431,0.6654309892195801,0.8152757457054562
432,0.8611702101934745,0.8139631721752725
433,1.0391039083546272,0.8126453588627535
434,1.1670048135714661,0.8113223585307853
435,1.2594581459485301,0.8099942261621274
436,1.3596782785616044,0.8086610189698575
437,1.4654637780677202,0.8073227964073015
438,1.4238835310734115,0.8059796201774343
439,1.233146988000525,0.8046315542417385
440,1.1603264995102631,0.8032786648285071
441,1.176370728837153,0.80192102044058
442,1.1763851510353545,0.8005586918625095
443,1.0770099697161033,0.7991917521671447
444,0.703405940733478,0.7978202767216338
445,0.5950540382443937,0.7964443431928394
446,0.5419772128734791,0.7950640315521638
447,0.4631994353566434,0.7936794240797831
448,0.5282302498334465,0.7922906053682903
449,0.4805397720208206,0.790897662325743
450,0.41376978815889665,0.7895006841781136
451,0.4379697822003443,0.7880997624711396
452,0.5524458424469619,0.7866949910715654
453,0.7030039865687041,0.7852864661677732
454,0.8145586448385499,0.7838742862697929
455,0.8852234183816862,0.782458552208684
456,0.9469844088312952,0.7810393671352776
457,1.0132967120320955,0.779616836518274
458,1.0527410355014455,0.7781910681416822
459,0.9656653678168962,0.7767621721015935
460,0.919411059549633,0.77533026080228
461,0.8889607334669452,0.7738954489516107
462,0.8696729474987679,0.7724578535557786
463,0.8340819421836964,0.7710175939133302
464,0.8337240701928962,0.769574791608494
465,0.8967860012656553,0.7681295705038003
466,0.9243772317299801,0.7666820567319895
467,0.9367136269138295,0.7652323786872022
468,0.768508950076012,0.7637806670154483
469,0.6491339726611819,0.7623270546043506
470,0.6033870615661713,0.7608716765721589
471,0.4905530226458144,0.7594146702560319
472,0.3977854187046456,0.7579561751995826
473,0.3897839417138783,0.7564963331396863
474,0.3957407716709288,0.7550352879925456
475,0.41820310759693285,0.7535731858390069
476,0.4636297384333495,0.7521101749091221
477,0.5350539935152444,0.7506464055659487
478,0.5953023610811936,0.7491820302885794
479,0.7449909439814222,0.7477172036543916
480,0.9414370975187998,0.7462520823205068
481,1.0933271053916545,0.7447868250044448
482,1.1992027052605405,0.743321592463966
483,1.2839466459507969,0.7418565474760854
484,1.3856902024837399,0.740391854815249
485,1.4216939100765147,0.7389276812306628
486,1.4073974094148352,0.7374641954227642
487,1.1867233958381505,0.7360015680188318
488,1.1498897979653746,0.7345399715477277
489,1.157520893465792,0.7330795804137703
490,1.0880093433892697,0.7316205708697389
491,0.9741512460290155,0.7301631209890108
492,0.5985429815820427,0.7287074106368366
493,0.5415939240041523,0.7272536214407559
494,0.48187565776780056,0.7258019367601624
495,0.40408705853026394,0.7243525416550234
496,0.5035086881605633,0.7229056228537617
497,0.4557584731326879,0.7214613687203045
498,0.4558250778908628,0.7200199692203066
499,0.5372970272685698,0.7185816158865505
500,0.670110141218675,0.7171465017835282
501,0.7879027719118363,0.7157148214712074
502,0.8563760210582458,0.7142867709679822
503,0.9044528730693748,0.712862547712813
504,0.9523103764722964,0.7114423505265529
505,0.9986768392494448,0.7100263795724652
506,0.9865236094669723,0.7086148363159308
507,0.9281388794738401,0.7072079234833512
508,0.8817852341750269,0.7058058450202466
509,0.8546463182911782,0.7044088060485578
510,0.8356408094019384,0.7030170128231527
511,0.7980749222050664,0.7016306726875445
512,0.8319853558448814,0.7002499940288311
513,0.8824838665743655,0.698875186231859
514,0.8995053559088795,0.6975064596326214
515,0.9002262151722059,0.6961440254708987
516,0.8192018345309099,0.6947880958421485
517,0.8384406910969826,0.693438883648657
518,0.7479661438978766,0.6920966025499599
519,0.5496982900206996,0.6907614669125449
520,0.4377094198729793,0.6894336917588461
521,0.395248078289579,0.6881134927155398
522,0.4089812567865274,0.6868010859611583
523,0.453349326140332,0.6854966881730274
524,0.5245296537742573,0.6842005164735413
525,0.594030953597783,0.6829127883757828
526,0.7680329689491744,0.6816337217284989
527,0.965028137019431,0.6803635346604366
528,1.1104619368802173,0.6791024455240516
529,1.2070369215586276,0.6778506728385904
530,1.296040485954265,0.6766084352325584
531,1.4024783635409979,0.675375951385582
532,1.4048466189530384,0.6741534399696719
533,1.2717827860844906,0.6729411195899025
534,1.1594683094922456,0.6717392087245203
535,1.1695100999591723,0.670547925664498
536,1.1744155101775624,0.6693674884525528
537,1.0782709308919594,0.6681981148216517
538,0.7663362729558433,0.6670400221330248
539,0.536256058673363,0.6658934273137128
540,0.4805452838787911,0.6647585467936757
541,0.4058250354237667,0.6636355964424899
542,0.4679547657450333,0.6625247915056616
543,0.42620401322989243,0.6614263465405854
544,0.354780921622774,0.6603404753521753
545,0.391028704063101,0.6592673909281938
546,0.5116421349348775,0.6582073053743077
547,0.6524878982543775,0.657160429848894
548,0.7477525815143053,0.6561269744976188
549,0.8036986511463217,0.6551071483878151
550,0.8528983654686164,0.6541011594426818
551,0.9112024823930344,0.6531092143753258
552,0.9246141870874997,0.6521315186226715
553,0.8554409281435686,0.6511682762792608
554,0.8071707712155216,0.6502196900309678
555,0.7793384627706285,0.6492859610886537
556,0.7668786748277366,0.6483672891217872
557,0.7333984955467228,0.6474638721920585
558,0.6982848695428161,0.6465759066870121
559,0.6851837688537399,0.6457035872537287
560,0.7275758595036631,0.6448471067325818
561,0.7615408360352894,0.6440066560911007
562,0.7635471252507957,0.6431824243579655
563,0.7002660663609886,0.642374598557166
564,0.6558346276853805,0.641583363642353
565,0.6357226754515991,0.6408089024314102
566,0.6075889898208516,0.6400513955412797
567,0.580501869709456,0.639311021323069
568,0.5203372733898364,0.6385879557974714
569,0.4233549239587546,0.6378823725905275
570,0.3693128168517812,0.6371944428697622
571,0.37207521302107577,0.6365243352807245
572,0.3185717502648345,0.635872215883959
573,0.049860634673516,0.63523824809244
574,0.3642021501307943,0.6346225926094945
575,0.6383025299756592,0.6340254073672411
576,0.8166170906058714,0.63344684746557
577,0.9360686881495628,0.6328870651116879
578,1.0205928997348208,0.6323462095602529
579,1.0873325329018055,0.6318244270541211
580,1.1567001476015553,0.6313218607657296
581,1.2591008708432143,0.6308386507391398
582,1.3702430738651958,0.6303749338327675
583,1.3452319180254388,0.6299308436628284
584,1.1265061885728473,0.6295065105475273
585,1.0617340531212236,0.6291020614520253
586,1.0587538651052808,0.6287176199342164
587,0.9778693453199465,0.6283533060913526
588,0.5875375870555253,0.6280092365075564
589,0.4059863682449683,0.6276855242022574
590,0.30816312988064554,0.6273822785796007
591,0.2289070805222325,0.6270996053788642
592,0.15885669629929766,0.6268376066259314
593,0.23409899802338222,0.626596380585859
594,0.2813789283632761,0.6263760217165825
595,0.28396592720438774,0.626176620623798
596,0.3109218357211867,0.6259982640170597
597,0.3293747589168759,0.6258410346671285
598,0.3850868751549279,0.625705011364609
599,0.4476904482755733,0.625590268879908
600,0.47489915465052973,0.6254968779245481
601,0.4731355877510924,0.6254249051138681
602,0.43874685860645873,0.6253744129311409
603,0.41742537200175217,0.6253454596931414
604,0.4384574275895582,0.6253380995171905
605,0.4451645721301067,0.6253523822897089
606,0.3005560663623624,0.6253883536363054
607,0.20752855265985906,0.6254460548934302
608,0.13579515663765468,0.6255255230816179
609,0.11622381385592778,0.6256267908803472
610,0.11925908710163903,0.6257498866045424
611,0.09916229325051949,0.6258948341827407
612,0.08750012349455864,0.6260616531369458
613,0.11423123897963304,0.6262503585641878
614,0.14460423349399545,0.6264609611198078
615,0.13824080742057707,0.6266934670024837
616,0.11325083255626779,0.6269478779410107
617,0.09828972187619815,0.6272241911828494
618,0.09998057372473536,0.6275223994844517
619,0.1042887256363831,0.6278424911033715
620,0.09490892627810488,0.628184449792171
621,0.08866954346014626,0.6285482547941221
622,0.09744199499573182,0.6289338808407097
623,0.12240792310710738,0.6293412981509361
624,0.1357594666362423,0.6297704724324253
625,0.1357080225304694,0.6302213648843248
626,0.14424161290141166,0.630693932201999
627,0.1719218620636152,0.6311881265835079
628,0.20337689286731297,0.6317038957378618
629,0.21229458097496828,0.6322411828950429
630,0.22223626516744785,0.6327999268177792
631,0.24798289044037122,0.6333800618150578
632,0.2846195791176964,0.6339815177573627
633,0.30609333021840834,0.6346042200936187
634,0.30976160417862636,0.6352480898698227
635,0.321867387711006,0.6359130437493432
636,0.35326092185638086,0.6365989940348654
637,0.38037475964189243,0.6373058486919607
638,0.37714805253518224,0.6380335113742546
639,0.37101648955270117,0.6387818814501698
640,0.38147896387347213,0.6395508540312175
641,0.40160794745646167,0.6403403200018102
642,0.3880928058137325,0.6411501660505673
643,0.3899608680671077,0.6419802747030862
644,0.40298620725445505,0.642830524356146
645,0.4453244115777977,0.6437007893133163
646,0.5103724620498604,0.6445909398219363
647,0.5669340449646703,0.6455008421114315
648,0.5999038538862459,0.6464303584329377
649,0.6364811294368155,0.6473793471001944
650,0.6726227838035348,0.6483476625316753
651,0.7355407645094684,0.6493351552939195
652,0.8117588241975782,0.6503416721460289
653,0.8969222898660772,0.6513670560852959
654,1.0094490408720447,0.6524111463939267
655,1.1743166946676156,0.6534737786868254
656,1.1566529648192778,0.6545547849604051
657,0.8840344004162262,0.655653993642392
658,0.8585767573542357,0.6567712296425916
659,0.781647080160709,0.6579063144045869
660,0.6440253059308362,0.6590590659583386
661,0.5447473233679944,0.6602292989736599
662,0.48268255012097455,0.6614168248145382
663,0.44267751131166366,0.6626214515942791
664,0.4400252261333529,0.6638429842314433
665,0.4898536010606996,0.6650812245065512
666,0.6917997890672849,0.6663359711195261
667,0.9452057595373318,0.6676070197478492
668,0.9925334907967306,0.6688941631053957
669,1.046855685775198,0.6701971910019261
670,1.156557683447997,0.6715158904031994
671,1.204777228993496,0.6728500454916831
672,1.1482222693317696,0.6741994377278319
673,1.1163886598425383,0.6755638459119077
674,1.0820625301585267,0.6769430462463203
675,1.0675543507548861,0.6783368123984637
676,1.0594519904201383,0.6797449155640275
677,0.8371574486384561,0.6811671245307658
678,0.7965504948186609,0.6826032057427049
679,0.7715305728347562,0.6840529233647736
680,0.7081163678524127,0.6855160393478424
681,0.588912256840705,0.6869923134941563
682,0.5754633342004009,0.6884815035231464
683,0.5423306177318804,0.6899833651376098
684,0.47741621798213413,0.6914976520902418
685,0.38704274542162,0.693024116250508
686,0.30291280744879095,0.6945625076718406
687,0.2523494680728691,0.6961125746591469
688,0.32858486181388197,0.6976740638366126
689,0.4226414914966054,0.699246720215783
690,0.5595421204023814,0.7008302872639054
691,0.7050309074931189,0.7024245069725116
692,0.8086104033878905,0.7040291199262231
693,0.8932118105067456,0.7056438653717539
694,1.0133702022950004,0.7072684812870911
695,1.1262271325044897,0.7089027044508316
696,1.0579365796701878,0.7105462705116529
697,1.0174332461690982,0.7121989140578958
698,0.9758252686165749,0.7138603686872402
699,0.892591297828362,0.7155303670764545
700,0.8274259148529445,0.7172086410512029
701,0.8212542626538996,0.7188949216558914
702,0.8461233099730217,0.7205889392235397
703,0.7847822805541298,0.7222904234456629
704,0.6080425804653528,0.7239991034421486
705,0.569034978715833,0.7257147078311182
706,0.6016499373195653,0.7274369647987547
707,0.6095337806949659,0.7291656021690839
708,0.60704962647694,0.7309003474736998
709,0.5330511683439405,0.732640928021415
710,0.4483902916595327,0.7343870709678242
711,0.39796799630963703,0.7361385033847649
712,0.3686123345126839,0.7378949523296606
713,0.33971846472724154,0.7396561449147283
714,0.31564227356421265,0.7414218083760341
715,0.3240343468059336,0.7431916701423781
716,0.37357592465765255,0.7449654579039879
717,0.428212032576223,0.7467428996809996
718,0.5329193767343204,0.7485237238917031
719,0.7187931268354582,0.7503076594205295
720,0.8744683275392803,0.752094435685752
721,0.9882429004253793,0.7538837827068742
722,1.078313323195187,0.7556754311716807
723,1.1595541479886697,0.7574691125029195
724,1.2221730651252354,0.7592645589245917
725,1.1793713182558219,0.7610615035278195
726,1.15879745956348,0.7628596803362706
727,1.143956334395752,0.7646588243711124
728,1.1368636749132845,0.7664586717154754
729,0.9204224397693107,0.7682589595784026
730,0.8798972211625694,0.7700594263582697
731,0.8664794538987362,0.771859811705654
732,0.829369478642372,0.7736598565856363
733,0.702941712266256,0.7754593033395223
734,0.6568844088421035,0.7772578957459637
735,0.6144360678814721,0.7790553790814657
736,0.5590685697215554,0.7808515001802662
737,0.47409943913578456,0.7826460074935705
738,0.4324182851280322,0.7844386511481253
739,0.4642234496436059,0.7862291830041155
740,0.5408776465119568,0.7880173567123677
741,0.6877917298467179,0.7898029277708417
742,0.8652066478992865,0.7915856535803899
743,0.9936056663389388,0.7933652934997637
744,1.0939727097886731,0.795141608899847
745,1.2230847376290326,0.7969143632170942
746,1.3646953990709636,0.7986833220061529
747,1.3620040712971264,0.8004482529916491
748,1.3008437901364454,0.8022089261191157
749,1.225030733259269,0.803965113605048
750,1.2127162706578651,0.8057165899860694
751,0.9869036131174439,0.807463132167191
752,0.8445571724210794,0.8092045194691538
753,0.813133905063373,0.8109405336748451
754,0.7844174042151925,0.8126709590747738
755,0.7642157020284677,0.8143955825116008
756,0.8364790235816137,0.8161141934237133
757,0.7976475076893971,0.8178265838878349
758,0.695739875796168,0.8195325486606629
759,0.6775187321006122,0.8212318852195236
760,0.6416146813149458,0.8229243938020377
761,0.5791889915168467,0.8246098774447885
762,0.5872456212194135,0.8262881420209802
763,0.6973639714520072,0.8279589962770787
764,0.7497185006893099,0.8296222518684226
765,0.8294903062397507,0.8312777233937938
766,0.961372255609704,0.8329252284289381
767,1.0802424769703787,0.834564587559021
768,1.1754632330143224,0.8361956244100054
769,1.2382704853986068,0.8378181656789414
770,1.2833531076153206,0.8394320411631545
771,1.3402031644765628,0.8410370837883199
772,1.4256628885584814,0.8426331296354151
773,1.4825980017225089,0.844220017966541
774,1.310334861726913,0.8457975912496035
775,1.1948127899234804,0.8473656951818539
776,1.178457067190134,0.8489241787122807
777,1.1287166899607144,0.8504728940628544
778,0.8603416592415418,0.8520116967486253
779,0.7105346251115223,0.853540445596675
780,0.6997977940501424,0.8550590027639271
781,0.6535179798272238,0.8565672337538196
782,0.5760851041571626,0.8580650074318413
783,0.5121210079418904,0.8595521960399397
784,0.5422950104367673,0.8610286752097993
785,0.6873853976023708,0.8624943239749966
786,0.866869903015878,0.8639490247820314
787,0.9959893664032539,0.8653926635002347
788,1.0954294582769348,0.8668251294305531
789,1.1919732786093034,0.8682463153132075
790,1.3100977295230738,0.8696561173342273
791,1.3997158288619316,0.8710544351308586
792,1.3338222165780864,0.872441171795845
793,1.27293221885017,0.8738162338805862
794,1.2256995837829732,0.8751795313971725
795,1.087237979132285,0.876530977819303
796,0.8903552476302532,0.8778704900820922
797,0.8395355383774156,0.8791979885807731
798,0.8130073703713966,0.8805133971683059
799,0.7844780916688148,0.8818166431518993
800,0.7631456746014502,0.8831076572884579
801,0.8092179667099104,0.8843863737789617
802,0.7282048771489832,0.8856527302617897
803,0.7269735682382362,0.8869066678049942
804,0.7255908598017499,0.8881481308975373
805,0.685562365132527,0.8893770674394962
806,0.6214842865577681,0.8905934287312448
807,0.6070743498931443,0.8917971694616199
808,0.6826193168894628,0.8929882476950777
809,0.7916155394558766,0.8941666248578477
810,0.9731939816208741,0.8953322657230876
811,1.141319720144679,0.8964851383950425
812,1.2699281216434093,0.8976252142922144
813,1.3619690180995918,0.8987524681295429
814,1.459920372151467,0.899866877899603
815,1.561494509266337,0.9009684248528211
816,1.5772990687632626,0.9020570934767187
817,1.3834430420650872,0.903132871474187
818,1.2896148804472967,0.9041957497408067
819,1.3050990840665893,0.9052457223412202
820,1.2866754633270219,0.9062827864845715
821,1.1949411532024452,0.907306942499028
822,0.7137409608299743,0.9083181938054044
823,0.6486644103071962,0.9093165468899034
824,0.5956416285362856,0.9103020112759962
825,0.6297854255950531,0.9112745994954607
826,0.6206445928132763,0.9122343270585974
827,0.5307329767003409,0.913181212423643
828,0.5467987637686011,0.9141152769654
829,0.6392490976397682,0.9150365449430992
830,0.7974452862656076,0.9159450434675133
831,0.93401220477217,0.9168408024673316
832,1.0231480452163249,0.9177238546548133
833,1.0928680279559082,0.918594235490732
834,1.1705185398080018,0.9194519831486236
835,1.2419070328213209,0.9202971384783497
836,1.233802722327926,0.9211297449689879
837,1.1777182484106368,0.9219498487110643
838,1.122645320750893,0.9227574983581415
839,1.1227657668468156,0.9235527450877776
840,1.1400825241363592,0.9243356425618731
841,1.0907713636792766,0.9251062468864203
842,0.9244748343826436,0.9258646165706758
843,0.8724708297862347,0.926610812485773
844,0.8334278674324247,0.9273448978227965
845,0.7930341243386425,0.9280669380503354
846,0.7150560275053484,0.9287770008715363
847,0.6774915052025144,0.9294751561806763
848,0.6363832927208634,0.9301614760192753
849,0.5925878982249295,0.9308360345317674
850,0.5838219311573163,0.9314989079207475
851,0.6444468556530932,0.9321501744018119
852,0.7575126484230926,0.9327899141580085
853,0.9238506294988358,0.9334182092939117
854,1.1089072046536679,0.9340351437893365
855,1.2536363078051396,0.9346408034527041
856,1.354297388564657,0.9352352758740726
857,1.4485293855314512,0.9358186503778457
858,1.5651248673532407,0.9363910179751699
859,1.6170433835813451,0.9369524713160367
860,1.3759900913341963,0.9375031046411054
861,1.3218767449143647,0.9380430137332655
862,1.3464829903683075,0.9385722958689543
863,1.3405376639022832,0.9390910497692566
864,1.2172534046656092,0.9395993755508049
865,0.7483424877818783,0.9400973746765089
866,0.6216848355858458,0.9405851499061397
867,0.6370092376832941,0.941062805246796
868,0.6059529300541705,0.941530445903281
869,0.5141999519922739,0.941988178228419
870,0.43806043710735265,0.9424361096733342
871,0.46373706004780996,0.9428743487377247
872,0.5937627481588602,0.9433030049201507
873,0.746091482428619,0.9437221886683628
874,0.8616470565314106,0.9441320113296906
875,0.9464041172550386,0.9445325851015138
876,1.0142194794800337,0.9449240229818328
877,1.0885030969069198,0.9453064387199572
878,1.176375707783887,0.945679946767332
879,1.2328288529704663,0.9460446622285164
880,1.1455951424343642,0.9464007008123344
881,1.0843200703740639,0.9467481787832167
882,1.031657100177202,0.9470872129127502
883,1.0501369164857322,0.9474179204314579
884,0.97536260432944,0.9477404189808286
885,0.7787002276263412,0.948054826565618
886,0.707776155582666,0.9483612615064421
887,0.652411730259759,0.9486598423926851
888,0.7041174299243329,0.9489506880357444
889,0.7645275531771832,0.9492339174226332
890,0.7215465765443543,0.949509649669959
891,0.5849263504754556,0.9497780039783018
892,0.505259520246569,0.9500390995870078
893,0.47538891683480666,0.9502930557294168
894,0.472723047524755,0.9505399915885404
895,0.4988694448838159,0.9507800262532081
896,0.5744009862084034,0.9510132786746923
897,0.6755591998313681,0.9512398676238261
898,0.850640551640949,0.951459911648624
899,1.0162834755209904,0.9516735290324166
900,1.1445320952717764,0.9518808377525056
901,1.2353313413619424,0.952081955439345
902,1.3143762373185446,0.9522769993362573
903,1.413748617937836,0.9524660862596903
904,1.4417403924980736,0.9526493325600232
905,1.409238176404027,0.9528268540829282
906,1.1585189460813707,0.9529987661313007
907,1.1537100729824872,0.953165183427766
908,1.168435878243282,0.9533262200777768
909,1.1087599645957955,0.9534819895333146
910,1.0630452565234698,0.953632604557213
911,0.6352719062627363,0.953778177188116
912,0.5617936497521917,0.9539188187060892
913,0.4997732065294706,0.954054639598902
914,0.4233755040911551,0.9541857495289955
915,0.5092136534644032,0.9543122573011541
916,0.4766389140307791,0.9544342708308956
917,0.5201270563029907,0.954551897113593
918,0.618832291928763,0.9546652421943398
919,0.7573516062101603,0.9547744111385693
920,0.8643962675573164,0.954879508003435
921,0.933646078912218,0.9549806358099604
922,0.9853281881079866,0.9550778965159646
923,1.0389576003803502,0.9551713909897671
924,1.0971841863341385,0.9552612189846768
925,1.1353042112553253,0.9553474791142709
926,1.0646158515279114,0.9554302688284668
927,1.0140203842642619,0.9555096843903925
928,0.965731975027654,0.9555858208540601
929,0.9835052171350211,0.9556587720428482
930,1.012118290235182,0.9557286305288014
931,1.0398885820817374,0.9557954876127502
932,0.9679219826523343,0.9558594333052594
933,0.8529862736639091,0.9559205563084122
934,0.8003080844092622,0.9559789439984366
935,0.7509346658132092,0.9560346824091788
936,0.607028221244409,0.956087856216434
937,0.5096233612016311,0.9561385487231401
938,0.4758003175356732,0.9561868418454365
939,0.4790688924754088,0.9562328160995983
940,0.512811522897692,0.9562765505898483
941,0.5929852714625097,0.9563181229970469
942,0.6940535475522245,0.9563576095682628
943,0.8912492902367177,0.9563950851072225
944,1.0676557413648344,0.9564306229656386
945,1.1964586283233682,0.9564642950354092
946,1.2848412287500466,0.9564961717416881
947,1.3758805949369721,0.9565263220368182
948,1.4822357992205548,0.9565548133951263
949,1.4731201355668397,0.9565817118085739
950,1.2228619745331935,0.9566070817832611
951,1.2003776635602432,0.9566309863367854
952,1.2260255526207513,0.9566534869964527
953,1.2175535351174507,0.9566746437983447
954,1.11337761199206,0.9566945152872468
955,0.7650360690593891,0.9567131585174397
956,0.5869121067686385,0.9567306290543605
957,0.5226277801296895,0.9567469809771397
958,0.4882749186994796,0.9567622668820207
959,0.49766386240127,0.9567765378866652
960,0.4220350763536265,0.9567898436353531
961,0.4110832886002379,0.9568022323050782
962,0.5577690870511857,0.9568137506125388
963,0.675338940370352,0.9568244438220281
964,0.7567340319988222,0.9568343557542194
965,0.8161362748661463,0.9568435287958424
966,0.8706185224992745,0.9568520039102474
967,0.9229714089583123,0.9568598206488481
968,0.9633800328170082,0.95686701716344
969,1.0061592886035902,0.9568736302193829
970,1.0091275850804347,0.9568796952096426
971,0.9638477814264028,0.956885246169681
972,0.9325841236161554,0.9568903157931893
973,0.9084721041788891,0.9568949354486553
974,0.9050306049409472,0.9568991351967552
975,0.919418235000117,0.9569029438085647
976,0.9637106865296587,0.9569063887845796
977,0.989963803551113,0.9569094963745383
978,0.8872453505325308,0.9569122915980379
979,0.7406647661939606,0.9569147982659366
980,0.6874330169992006,0.956917039002532
981,0.5724106294048824,0.9569190352685082
982,0.4743789688068712,0.9569208073846429
983,0.43955353609694714,0.9569223745562652
984,0.44845163138706123,0.9569237548984502
985,0.4740220002353915,0.9569249654619435
986,0.5072760144174575,0.9569260222597983
987,0.5641050519471197,0.9569269402947108
988,0.6213542040485491,0.9569277335870366
989,0.7851656547509229,0.956928415203468
990,0.9856028528285085,0.9569289972863537
991,1.1350766437779838,0.9569294910836376
992,1.2367690752979963,0.9569299069793933
993,1.3213387025418344,0.9569302545249326
994,1.4223147705003218,0.9569305424704637
995,1.4390014243482165,0.9569307787972755
996,1.4398259029323688,0.9569309707504267
997,1.2031260676995126,0.9569311248719187
998,1.1840919769778702,0.9569312470343333
999,1.1974729639052326,0.9569313424749173
